taz,overnight2day,percentThru
1,0.124644,0.0714
2,0.124644,0.1995
3,0.067116,0.04725
4,0.0153408,0.399
5,0.033558,0.42
6,0.076704,0.0315
7,0.076704,0.1785
10,0.000767212,0
20,0.02455079,0
30,0.00094,0
40,0.000094,0
50,0.046799943,0
60,0.032990124,0
70,0.032990124,0
