taz,overnight2day,percentThru
1,0.013509522,0.64059687
2,0.075800032,0.114170894
3,0.000328217,0.724839243
4,0.038236226,0.226333986
5,0.127362392,0.067949079
6,0.192648226,0.044922072
7,0.079284388,0.109153361
10,0.004503174,0.042706458
20,0.025266678,0.007611393
30,0.000109406,0.048322616
40,0.012745409,0.015088932
50,0.04245413,0.004529939
60,0.064216075,0.002994805
70,0.02642813,0.007276891
