taz,overnight2day,percentThru
1,0.016886903,0.64059687
2,0.09475004,0.114170894
3,0.000410271,0.724839243
4,0.047795283,0.226333986
5,0.15920299,0.067949079
6,0.240810283,0.044922072
7,0.099105485,0.109153361
10,0.005628968,0.042706458
20,0.031583348,0.007611393
30,0.000136758,0.048322616
40,0.015931761,0.015088932
50,0.053067663,0.004529939
60,0.080270094,0.002994805
70,0.033035163,0.007276891
