taz,overnight2day,percentThru
1,0.13,0.3
2,0.14,0.114170894
3,0.1,0.05
4,0.015,0.2
5,0.06,0.067949079
6,0.075,0.03
7,0.09,0.09
10,0.03,0.03
20,0.06,0.011417089
30,0.02,0.005
40,0.004,0.02
50,0.02,0.006794908
60,0.02,0.003
70,0.02,0.009
