taz,overnight2day,percentThru
1,0.033773804,0.42706458
2,0.18950008,0.076113929
3,0.000820541,0.483226162
4,0.095590563,0.150889324
5,0.31840598,0.045299386
6,0.481620564,0.029948048
7,0.19821097,0.072768907
10,0.033773804,0.42706458
20,0.18950008,0.076113929
30,0.000820541,0.483226162
40,0.095590563,0.150889324
50,0.31840598,0.045299386
60,0.481620564,0.029948048
70,0.19821097,0.072768907
