zone,intWorkSizeCoeffSummer,intWorkSizeCoeffWinter,extWorkSizePercentSummer,extWorkSizePercentWinter,ovDCSizePercentRec,ovDCSizePercentGam,ovDCSizePercentShp,ovDCSizePercentOth,ovStpDCSizePercent
1,0.034650688,0.03276892,0.116787004,0.077365632,0.1,0.2,0.45,0.25,0.5
2,0.043554342,0.041189045,0.353249097,0.449659349,0.2,0.2,0.35,0.25,0.5
3,0.029374448,0.027779217,0.242418773,0.163489781,0.2,0.1,0.2,0.5,0.5
4,0.004895742,0.013553763,0.015703971,0.013626041,0.7,0,0.1,0.2,0.5
5,0.003652781,0.003454411,0.028880866,0.036336109,0.3,0,0.3,0.4,0.5
6,0.015321387,0.05795733,0.036462094,0.061165783,0.5,0,0.3,0.2,0.5
7,0.034523855,0.045051268,0.106498195,0.168357305,0.5,0,0.3,0.2,0.5
