taz,overnight2day,percentThru
1,0.1,0.06
2,0.15,0.2
3,0.08,0.05
4,0.035,0.45
5,0.08,0.41
6,0.1,0.05
7,0.09,0.18
10,0.000692408,0
20,0.022157088,0
30,0.00084835,0
40,0.000094,0
50,0.042236949,0
60,0.029773587,0
70,0.029773587,0
